id_temps,date,jour_semaine,id_mois
1,2024-01-01,Lundi,1
2,2024-01-02,Mardi,1
3,2024-01-03,Mercredi,1
4,2024-01-04,Jeudi,1
5,2024-01-05,Vendredi,1
6,2024-01-06,Samedi,1
7,2024-01-07,Dimanche,1
8,2024-01-08,Lundi,1
9,2024-01-09,Mardi,1
10,2024-01-10,Mercredi,1
11,2024-01-11,Jeudi,1
12,2024-01-12,Vendredi,1
13,2024-01-13,Samedi,1
14,2024-01-14,Dimanche,1
15,2024-01-15,Lundi,1
16,2024-01-16,Mardi,1
17,2024-01-17,Mercredi,1
18,2024-01-18,Jeudi,1
19,2024-01-19,Vendredi,1
20,2024-01-20,Samedi,1
21,2024-01-21,Dimanche,1
22,2024-01-22,Lundi,1
23,2024-01-23,Mardi,1
24,2024-01-24,Mercredi,1
25,2024-01-25,Jeudi,1
26,2024-01-26,Vendredi,1
27,2024-01-27,Samedi,1
28,2024-01-28,Dimanche,1
29,2024-01-29,Lundi,1
30,2024-01-30,Mardi,1
31,2024-01-31,Mercredi,1
32,2024-02-01,Jeudi,2
33,2024-02-02,Vendredi,2
34,2024-02-03,Samedi,2
35,2024-02-04,Dimanche,2
36,2024-02-05,Lundi,2
37,2024-02-06,Mardi,2
38,2024-02-07,Mercredi,2
39,2024-02-08,Jeudi,2
40,2024-02-09,Vendredi,2
41,2024-02-10,Samedi,2
42,2024-02-11,Dimanche,2
43,2024-02-12,Lundi,2
44,2024-02-13,Mardi,2
45,2024-02-14,Mercredi,2
46,2024-02-15,Jeudi,2
47,2024-02-16,Vendredi,2
48,2024-02-17,Samedi,2
49,2024-02-18,Dimanche,2
50,2024-02-19,Lundi,2
51,2024-02-20,Mardi,2
52,2024-02-21,Mercredi,2
53,2024-02-22,Jeudi,2
54,2024-02-23,Vendredi,2
55,2024-02-24,Samedi,2
56,2024-02-25,Dimanche,2
57,2024-02-26,Lundi,2
58,2024-02-27,Mardi,2
59,2024-02-28,Mercredi,2
60,2024-02-29,Jeudi,2
61,2024-03-01,Vendredi,3
62,2024-03-02,Samedi,3
63,2024-03-03,Dimanche,3
64,2024-03-04,Lundi,3
65,2024-03-05,Mardi,3
66,2024-03-06,Mercredi,3
67,2024-03-07,Jeudi,3
68,2024-03-08,Vendredi,3
69,2024-03-09,Samedi,3
70,2024-03-10,Dimanche,3
71,2024-03-11,Lundi,3
72,2024-03-12,Mardi,3
73,2024-03-13,Mercredi,3
74,2024-03-14,Jeudi,3
75,2024-03-15,Vendredi,3
76,2024-03-16,Samedi,3
77,2024-03-17,Dimanche,3
78,2024-03-18,Lundi,3
79,2024-03-19,Mardi,3
80,2024-03-20,Mercredi,3
81,2024-03-21,Jeudi,3
82,2024-03-22,Vendredi,3
83,2024-03-23,Samedi,3
84,2024-03-24,Dimanche,3
85,2024-03-25,Lundi,3
86,2024-03-26,Mardi,3
87,2024-03-27,Mercredi,3
88,2024-03-28,Jeudi,3
89,2024-03-29,Vendredi,3
90,2024-03-30,Samedi,3
91,2024-03-31,Dimanche,3
92,2024-04-01,Lundi,4
93,2024-04-02,Mardi,4
94,2024-04-03,Mercredi,4
95,2024-04-04,Jeudi,4
96,2024-04-05,Vendredi,4
97,2024-04-06,Samedi,4
98,2024-04-07,Dimanche,4
99,2024-04-08,Lundi,4
100,2024-04-09,Mardi,4
101,2024-04-10,Mercredi,4
102,2024-04-11,Jeudi,4
103,2024-04-12,Vendredi,4
104,2024-04-13,Samedi,4
105,2024-04-14,Dimanche,4
106,2024-04-15,Lundi,4
107,2024-04-16,Mardi,4
108,2024-04-17,Mercredi,4
109,2024-04-18,Jeudi,4
110,2024-04-19,Vendredi,4
111,2024-04-20,Samedi,4
112,2024-04-21,Dimanche,4
113,2024-04-22,Lundi,4
114,2024-04-23,Mardi,4
115,2024-04-24,Mercredi,4
116,2024-04-25,Jeudi,4
117,2024-04-26,Vendredi,4
118,2024-04-27,Samedi,4
119,2024-04-28,Dimanche,4
120,2024-04-29,Lundi,4
121,2024-04-30,Mardi,4
122,2024-05-01,Mercredi,5
123,2024-05-02,Jeudi,5
124,2024-05-03,Vendredi,5
125,2024-05-04,Samedi,5
126,2024-05-05,Dimanche,5
127,2024-05-06,Lundi,5
128,2024-05-07,Mardi,5
129,2024-05-08,Mercredi,5
130,2024-05-09,Jeudi,5
131,2024-05-10,Vendredi,5
132,2024-05-11,Samedi,5
133,2024-05-12,Dimanche,5
134,2024-05-13,Lundi,5
135,2024-05-14,Mardi,5
136,2024-05-15,Mercredi,5
137,2024-05-16,Jeudi,5
138,2024-05-17,Vendredi,5
139,2024-05-18,Samedi,5
140,2024-05-19,Dimanche,5
141,2024-05-20,Lundi,5
142,2024-05-21,Mardi,5
143,2024-05-22,Mercredi,5
144,2024-05-23,Jeudi,5
145,2024-05-24,Vendredi,5
146,2024-05-25,Samedi,5
147,2024-05-26,Dimanche,5
148,2024-05-27,Lundi,5
149,2024-05-28,Mardi,5
150,2024-05-29,Mercredi,5
151,2024-05-30,Jeudi,5
152,2024-05-31,Vendredi,5
153,2024-06-01,Samedi,6
154,2024-06-02,Dimanche,6
155,2024-06-03,Lundi,6
156,2024-06-04,Mardi,6
157,2024-06-05,Mercredi,6
158,2024-06-06,Jeudi,6
159,2024-06-07,Vendredi,6
160,2024-06-08,Samedi,6
161,2024-06-09,Dimanche,6
162,2024-06-10,Lundi,6
163,2024-06-11,Mardi,6
164,2024-06-12,Mercredi,6
165,2024-06-13,Jeudi,6
166,2024-06-14,Vendredi,6
167,2024-06-15,Samedi,6
168,2024-06-16,Dimanche,6
169,2024-06-17,Lundi,6
170,2024-06-18,Mardi,6
171,2024-06-19,Mercredi,6
172,2024-06-20,Jeudi,6
173,2024-06-21,Vendredi,6
174,2024-06-22,Samedi,6
175,2024-06-23,Dimanche,6
176,2024-06-24,Lundi,6
177,2024-06-25,Mardi,6
178,2024-06-26,Mercredi,6
179,2024-06-27,Jeudi,6
180,2024-06-28,Vendredi,6
181,2024-06-29,Samedi,6
182,2024-06-30,Dimanche,6
183,2024-07-01,Lundi,7
184,2024-07-02,Mardi,7
185,2024-07-03,Mercredi,7
186,2024-07-04,Jeudi,7
187,2024-07-05,Vendredi,7
188,2024-07-06,Samedi,7
189,2024-07-07,Dimanche,7
190,2024-07-08,Lundi,7
191,2024-07-09,Mardi,7
192,2024-07-10,Mercredi,7
193,2024-07-11,Jeudi,7
194,2024-07-12,Vendredi,7
195,2024-07-13,Samedi,7
196,2024-07-14,Dimanche,7
197,2024-07-15,Lundi,7
198,2024-07-16,Mardi,7
199,2024-07-17,Mercredi,7
200,2024-07-18,Jeudi,7
201,2024-07-19,Vendredi,7
202,2024-07-20,Samedi,7
203,2024-07-21,Dimanche,7
204,2024-07-22,Lundi,7
205,2024-07-23,Mardi,7
206,2024-07-24,Mercredi,7
207,2024-07-25,Jeudi,7
208,2024-07-26,Vendredi,7
209,2024-07-27,Samedi,7
210,2024-07-28,Dimanche,7
211,2024-07-29,Lundi,7
212,2024-07-30,Mardi,7
213,2024-07-31,Mercredi,7
214,2024-08-01,Jeudi,8
215,2024-08-02,Vendredi,8
216,2024-08-03,Samedi,8
217,2024-08-04,Dimanche,8
218,2024-08-05,Lundi,8
219,2024-08-06,Mardi,8
220,2024-08-07,Mercredi,8
221,2024-08-08,Jeudi,8
222,2024-08-09,Vendredi,8
223,2024-08-10,Samedi,8
224,2024-08-11,Dimanche,8
225,2024-08-12,Lundi,8
226,2024-08-13,Mardi,8
227,2024-08-14,Mercredi,8
228,2024-08-15,Jeudi,8
229,2024-08-16,Vendredi,8
230,2024-08-17,Samedi,8
231,2024-08-18,Dimanche,8
232,2024-08-19,Lundi,8
233,2024-08-20,Mardi,8
234,2024-08-21,Mercredi,8
235,2024-08-22,Jeudi,8
236,2024-08-23,Vendredi,8
237,2024-08-24,Samedi,8
238,2024-08-25,Dimanche,8
239,2024-08-26,Lundi,8
240,2024-08-27,Mardi,8
241,2024-08-28,Mercredi,8
242,2024-08-29,Jeudi,8
243,2024-08-30,Vendredi,8
244,2024-08-31,Samedi,8
245,2024-09-01,Dimanche,9
246,2024-09-02,Lundi,9
247,2024-09-03,Mardi,9
248,2024-09-04,Mercredi,9
249,2024-09-05,Jeudi,9
250,2024-09-06,Vendredi,9
251,2024-09-07,Samedi,9
252,2024-09-08,Dimanche,9
253,2024-09-09,Lundi,9
254,2024-09-10,Mardi,9
255,2024-09-11,Mercredi,9
256,2024-09-12,Jeudi,9
257,2024-09-13,Vendredi,9
258,2024-09-14,Samedi,9
259,2024-09-15,Dimanche,9
260,2024-09-16,Lundi,9
261,2024-09-17,Mardi,9
262,2024-09-18,Mercredi,9
263,2024-09-19,Jeudi,9
264,2024-09-20,Vendredi,9
265,2024-09-21,Samedi,9
266,2024-09-22,Dimanche,9
267,2024-09-23,Lundi,9
268,2024-09-24,Mardi,9
269,2024-09-25,Mercredi,9
270,2024-09-26,Jeudi,9
271,2024-09-27,Vendredi,9
272,2024-09-28,Samedi,9
273,2024-09-29,Dimanche,9
274,2024-09-30,Lundi,9
275,2024-10-01,Mardi,10
276,2024-10-02,Mercredi,10
277,2024-10-03,Jeudi,10
278,2024-10-04,Vendredi,10
279,2024-10-05,Samedi,10
280,2024-10-06,Dimanche,10
281,2024-10-07,Lundi,10
282,2024-10-08,Mardi,10
283,2024-10-09,Mercredi,10
284,2024-10-10,Jeudi,10
285,2024-10-11,Vendredi,10
286,2024-10-12,Samedi,10
287,2024-10-13,Dimanche,10
288,2024-10-14,Lundi,10
289,2024-10-15,Mardi,10
290,2024-10-16,Mercredi,10
291,2024-10-17,Jeudi,10
292,2024-10-18,Vendredi,10
293,2024-10-19,Samedi,10
294,2024-10-20,Dimanche,10
295,2024-10-21,Lundi,10
296,2024-10-22,Mardi,10
297,2024-10-23,Mercredi,10
298,2024-10-24,Jeudi,10
299,2024-10-25,Vendredi,10
300,2024-10-26,Samedi,10
301,2024-10-27,Dimanche,10
302,2024-10-28,Lundi,10
303,2024-10-29,Mardi,10
304,2024-10-30,Mercredi,10
305,2024-10-31,Jeudi,10
306,2024-11-01,Vendredi,11
307,2024-11-02,Samedi,11
308,2024-11-03,Dimanche,11
309,2024-11-04,Lundi,11
310,2024-11-05,Mardi,11
311,2024-11-06,Mercredi,11
312,2024-11-07,Jeudi,11
313,2024-11-08,Vendredi,11
314,2024-11-09,Samedi,11
315,2024-11-10,Dimanche,11
316,2024-11-11,Lundi,11
317,2024-11-12,Mardi,11
318,2024-11-13,Mercredi,11
319,2024-11-14,Jeudi,11
320,2024-11-15,Vendredi,11
321,2024-11-16,Samedi,11
322,2024-11-17,Dimanche,11
323,2024-11-18,Lundi,11
324,2024-11-19,Mardi,11
325,2024-11-20,Mercredi,11
326,2024-11-21,Jeudi,11
327,2024-11-22,Vendredi,11
328,2024-11-23,Samedi,11
329,2024-11-24,Dimanche,11
330,2024-11-25,Lundi,11
331,2024-11-26,Mardi,11
332,2024-11-27,Mercredi,11
333,2024-11-28,Jeudi,11
334,2024-11-29,Vendredi,11
335,2024-11-30,Samedi,11
336,2024-12-01,Dimanche,12
337,2024-12-02,Lundi,12
338,2024-12-03,Mardi,12
339,2024-12-04,Mercredi,12
340,2024-12-05,Jeudi,12
341,2024-12-06,Vendredi,12
342,2024-12-07,Samedi,12
343,2024-12-08,Dimanche,12
344,2024-12-09,Lundi,12
345,2024-12-10,Mardi,12
346,2024-12-11,Mercredi,12
347,2024-12-12,Jeudi,12
348,2024-12-13,Vendredi,12
349,2024-12-14,Samedi,12
350,2024-12-15,Dimanche,12
351,2024-12-16,Lundi,12
352,2024-12-17,Mardi,12
353,2024-12-18,Mercredi,12
354,2024-12-19,Jeudi,12
355,2024-12-20,Vendredi,12
356,2024-12-21,Samedi,12
357,2024-12-22,Dimanche,12
358,2024-12-23,Lundi,12
359,2024-12-24,Mardi,12
360,2024-12-25,Mercredi,12
361,2024-12-26,Jeudi,12
362,2024-12-27,Vendredi,12
363,2024-12-28,Samedi,12
364,2024-12-29,Dimanche,12
365,2024-12-30,Lundi,12
